phase,event,timestamp_iso
RUN,START,2026-06-17T18:51:24.2436075Z
workspace_creation,START,2026-06-17T18:51:24.2485775Z
workspace_creation,END,2026-06-17T18:51:24.2839966Z
normalization,START,2026-06-17T18:51:36.2914362Z
normalization,END,2026-06-17T18:57:31.7284621Z
architecture_mapping,START,2026-06-17T18:58:54.9585914Z
architecture_mapping,END,2026-06-17T18:59:03.0953945Z
module_discovery,START,2026-06-17T19:01:48.9373997Z
module_discovery,END,2026-06-17T19:01:49.0241103Z
module_parameterization,START,2026-06-17T19:01:49.1032368Z
module_parameterization,END,2026-06-17T19:01:49.2844833Z
terraform_assembly,START,2026-06-17T19:03:23.4760779Z
terraform_assembly,END,2026-06-17T19:03:23.6951110Z
terraform_assembly,END,2026-06-17T19:03:33.3283138Z
ci_cd_generation,START,2026-06-17T19:03:40.8493051Z
ci_cd_generation,END,2026-06-17T19:03:40.8569743Z
validation,START,2026-06-17T19:04:27.4781227Z
validation,START,2026-06-17T19:04:52.4547551Z
validation,START,2026-06-17T19:09:07.8206959Z
validation,END,2026-06-17T19:12:22.2141950Z
documentation,START,2026-06-17T19:19:48.6351416Z
documentation,END,2026-06-17T19:22:00.6258316Z
RUN,END,2026-06-17T19:22:00.6293922Z
